AÑO,FATALIDADES,REDUCCION%
2016,64,
2017,53,-17.1875
2018,55,3.7735849056603765
2019,50,-9.090909090909093
2020,27,-46.0
2021,46,70.37037037037037
