SEMESTRE,FATALIDADES,REDUCCION%
2016-1,13,
2016-2,10,-23.076923076923073
2017-1,14,39.99999999999999
2017-2,10,-28.57142857142857
2018-1,9,-9.999999999999998
2018-2,4,-55.55555555555556
2019-1,14,250.0
2019-2,4,-71.42857142857143
2020-1,17,325.0
2020-2,7,-58.82352941176471
2021-1,2,-71.42857142857143
2021-2,5,150.0
